{"nodes_log": [0.07798133045434952, 0.08127239346504211, 0.0851859524846077, 0.08577320724725723, 0.08672436326742172, 0.08719184249639511, 0.09042730927467346, 0.09096328914165497, 0.09163295477628708, 0.09180465340614319, 0.09212860465049744, 0.09301992505788803, 0.09547051042318344, 0.09557081013917923, 0.09909084439277649, 0.10042822360992432, 0.10057670623064041, 0.10288208723068237, 0.10513036698102951, 0.10645665228366852, 0.1072888970375061, 0.11053247004747391, 0.11125857383012772, 0.11474606394767761, 0.11726439744234085, 0.11825983971357346, 0.11913099139928818], "nodes_norm": [0.0944073349237442, 0.15868167579174042, 0.27926936745643616, 0.3026416003704071, 0.34392252564430237, 0.36585545539855957, 0.5514742732048035, 0.5886051654815674, 0.6378459334373474, 0.6509984731674194, 0.6764166355133057, 0.7505573630332947, 0.9890674948692322, 1.0, 1.4501925706863403, 1.6587861776351929, 1.6833502054214478, 2.10345458984375, 2.5894534587860107, 2.9152371883392334, 3.135590076446533, 4.1219682693481445, 4.372673988342285, 5.7462663650512695, 6.928953170776367, 7.444609642028809, 7.919475078582764], "edges_log": [0.07218880206346512, 0.07670698314905167, 0.07762466371059418, 0.08296342939138412, 0.08554583787918091, 0.09192045778036118, 0.09586001932621002, 0.1051107719540596, 0.1077515110373497, 0.109286367893219, 0.10941274464130402, 0.1100742444396019, 0.11118003726005554, 0.11683467775583267, 0.12563957273960114, 0.26425737142562866], "edges_norm": [0.010337769985198975, 0.0233768280595541, 0.02727210335433483, 0.062481071799993515, 0.08990270644426346, 0.2022281289100647, 0.316236287355423, 0.7920265793800354, 1.0, 1.1392163038253784, 1.151319980621338, 1.2163264751434326, 1.3313477039337158, 2.057537317276001, 3.748427629470825, 243.81817626953125], "nodes_log_scaled": [0.779813289642334, 0.8127239346504211, 0.8518595099449158, 0.8577320575714111, 0.8672436475753784, 0.8719183802604675, 0.9042730927467346, 0.9096329212188721, 0.9163295030593872, 0.9180465340614319, 0.9212860465049744, 0.9301992058753967, 0.9547050595283508, 0.9557080864906311, 0.9909084439277649, 1.0042822360992432, 1.0057671070098877, 1.0288208723068237, 1.051303744316101, 1.0645664930343628, 1.072888970375061, 1.1053247451782227, 1.1125857830047607, 1.147460699081421, 1.172644019126892, 1.1825984716415405, 1.191309928894043], "edges_log_scaled": [1.7218880653381348, 1.7670698165893555, 1.7762466669082642, 1.8296343088150024, 1.855458378791809, 1.919204592704773, 1.9586001634597778, 2.05110764503479, 2.077515125274658, 2.0928637981414795, 2.0941274166107178, 2.1007425785064697, 2.1118004322052, 2.168346881866455, 2.2563955783843994, 3.642573595046997]}